PRIMARY SOURCE,COUNTRY
Interview,CHINA
CR Summary,CAMEROON
CR Summary,ZAMBIA
Interview,UGANDA
Interview,UGANDA
CR Summary,UK
Interview,KENYA
CR Summary,KENYA
Interview,CHINA
Interview,ZAMBIA
Interview,UGANDA
Interview,UK
CR Summary,UK
Interview,CHINA
Interview,BOLIVIA
CR Summary,CAMEROON
Interview,QATAR
Interview,QATAR
Interview,SRI LANKA
Interview,CHINA
Interview,UGANDA
CR Summary,KENYA
Interview,ZAMBIA
CR Summary,ZAMBIA
CR Summary,MADAGASCAR
Interview,CHINA
Interview,QATAR
Interview,UGANDA
CR Summary,KENYA
Interview,ZAMBIA
Interview,ZAMBIA
Interview,BOLIVIA
Interview,CAMEROON
CR Summary,ZAMBIA
Interview,UK
CR Summary,KENYA
CR Summary,MADAGASCAR
Interview,CHINA
Interview,ZAMBIA
Interview,CHINA
CR Summary,CAMEROON
CR Summary,ZAMBIA
Interview,UGANDA
Interview,MADAGASCAR
Interview,CHINA
Interview,QATAR
Interview,CHINA
Interview,CHINA
Interview,MADAGASCAR
Interview,ZAMBIA
Interview,CHINA
CR Summary,BOLIVIA
Interview,KENYA
CR Summary,KENYA
CR Summary,MADAGASCAR
Interview,QATAR
Interview,CAMEROON
Interview,ZAMBIA
Interview,UGANDA
Interview,ZAMBIA
Interview,UGANDA
Interview,UGANDA
Interview,UK
Interview,KENYA
CR Summary,KENYA
Interview,QATAR
CR Summary,BOLIVIA
CR Summary,SRI LANKA
Interview,UK
CR Summary,UK
CR Summary,MADAGASCAR
Interview,CHINA
Interview,CAMEROON
CR Summary,BOLIVIA
Interview,UK
Interview,QATAR
Interview,QATAR
Interview,CHINA
Interview,ZAMBIA
Interview,KENYA
CR Summary,KENYA
Interview,QATAR
Interview,CHINA
CR Summary,KENYA
Interview,MADAGASCAR
Interview,CHINA
Interview,CHINA
Interview,CAMEROON
CR Summary,ZAMBIA
Interview,QATAR
Interview,QATAR
Interview,CHINA
Interview,QATAR
Interview,QATAR
Interview,KENYA
Interview,KENYA
Interview,UGANDA
Interview,UGANDA
CR Summary,BOLIVIA
Interview,UGANDA
Interview,CHINA
Interview,ZAMBIA
Interview,CHINA
Interview,UK
CR Summary,BOLIVIA
CR Summary,CAMEROON